{"root":[{"assemblyName":"Unity.Netcode.Runtime","nameSpace":"Unity.Netcode","className":"NetworkUpdateLoop","methodName":"Initialize","loadTypes":4,"isUnityClass":true},{"assemblyName":"Unity.VisualScripting.Core","nameSpace":"Unity.VisualScripting","className":"Ensure","methodName":"OnRuntimeMethodLoad","loadTypes":1,"isUnityClass":true},{"assemblyName":"Unity.VisualScripting.Core","nameSpace":"Unity.VisualScripting","className":"OptimizedReflection","methodName":"OnRuntimeMethodLoad","loadTypes":1,"isUnityClass":true},{"assemblyName":"Unity.VisualScripting.Core","nameSpace":"Unity.VisualScripting","className":"UnityThread","methodName":"RuntimeInitialize","loadTypes":1,"isUnityClass":true},{"assemblyName":"Unity.VisualScripting.Core","nameSpace":"Unity.VisualScripting","className":"Recursion","methodName":"OnRuntimeMethodLoad","loadTypes":1,"isUnityClass":true},{"assemblyName":"Unity.VisualScripting.Core","nameSpace":"Unity.VisualScripting","className":"ReferenceCollector","methodName":"Initialize","loadTypes":1,"isUnityClass":true},{"assemblyName":"Unity.VisualScripting.Core","nameSpace":"Unity.VisualScripting","className":"ApplicationVariables","methodName":"OnEnterPlayMode","loadTypes":1,"isUnityClass":true},{"assemblyName":"Unity.VisualScripting.Core","nameSpace":"Unity.VisualScripting","className":"SavedVariables","methodName":"OnEnterPlayMode","loadTypes":1,"isUnityClass":true},{"assemblyName":"Unity.Collections","nameSpace":"","className":"Unity.Collections.AllocatorManager/StackAllocator/Try_00000942$BurstDirectCall","methodName":"Initialize","loadTypes":2,"isUnityClass":true},{"assemblyName":"Unity.Collections","nameSpace":"","className":"Unity.Collections.AllocatorManager/SlabAllocator/Try_00000950$BurstDirectCall","methodName":"Initialize","loadTypes":2,"isUnityClass":true},{"assemblyName":"Unity.Collections","nameSpace":"Unity.Collections","className":"RewindableAllocator/Unity.Collections.Try_000006A6$BurstDirectCall","methodName":"Initialize","loadTypes":2,"isUnityClass":true},{"assemblyName":"Unity.Collections","nameSpace":"Unity.Collections","className":"xxHash3","methodName":"Initialize","loadTypes":2,"isUnityClass":true},{"assemblyName":"Unity.Collections","nameSpace":"Unity.Collections","className":"xxHash3/Unity.Collections._mono_to_burst_Hash64Long_000006D4$BurstDirectCall","methodName":"Initialize","loadTypes":2,"isUnityClass":true},{"assemblyName":"Unity.Collections","nameSpace":"Unity.Collections","className":"xxHash3/Unity.Collections._mono_to_burst_Hash128Long_000006D6$BurstDirectCall","methodName":"Initialize","loadTypes":2,"isUnityClass":true}]}
